{"languageCountryList":{"ur":{"country_english_name":"Pakistan","country_native_name":"\u067e\u0627\u06a9\u0633\u062a\u0627\u0646"},"en":{"country_english_name":"Pakistan","country_native_name":""}},"languageList":{"sr":{"english_name":"Serbian","native_name":"\u0441\u0440\u043f\u0441\u043a\u0438","dir":"","is_pack":"1"},"es":{"english_name":"Spanish","native_name":"espa\u00f1ol","dir":"left","is_pack":"1"},"fi":{"english_name":"Finnish","native_name":"suomi","dir":"left","is_pack":"1"},"el":{"english_name":"Greek","native_name":"\u0395\u03bb\u03bb\u03b7\u03bd\u03b9\u03ba\u03ac","dir":"","is_pack":"1"},"ko":{"english_name":"Korean","native_name":"\ud55c\uad6d\uc5b4","dir":"left","is_pack":"1"},"ja":{"english_name":"Japanese","native_name":"\u65e5\u672c\u8a9e","dir":"left","is_pack":"1"},"cs":{"english_name":"Czech","native_name":"\u010de\u0161tina","dir":"left","is_pack":"1"},"hi":{"english_name":"Hindi","native_name":"\u0939\u093f\u0928\u094d\u0926\u0940","dir":"","is_pack":"1"},"be":{"english_name":"Belarusian","native_name":"\u0431\u0435\u043b\u0430\u0440\u0443\u0441\u043a\u0430\u044f","dir":"","is_pack":"1"},"da":{"english_name":"Danish","native_name":"dansk","dir":"","is_pack":"1"},"ru":{"english_name":"Russian","native_name":"\u0440\u0443\u0441\u0441\u043a\u0438\u0439","dir":"left","is_pack":"1"},"sw":{"english_name":"Swahili","native_name":"Kiswahili","dir":"left","is_pack":"1"},"sv":{"english_name":"Swedish","native_name":"svenska","dir":"left","is_pack":"1"},"vi":{"english_name":"Vietnamese","native_name":"Ti\u1ebfng Vi\u1ec7t","dir":"","is_pack":"1"},"te":{"english_name":"Telugu","native_name":"\u0c24\u0c46\u0c32\u0c41\u0c17\u0c41","dir":"","is_pack":"1"},"pt":{"english_name":"Portuguese","native_name":"portugu\u00eas","dir":"left","is_pack":"1"},"ka":{"english_name":"Georgian","native_name":"\u10e5\u10d0\u10e0\u10d7\u10e3\u10da\u10d8","dir":"","is_pack":"1"},"af":{"english_name":"Afrikaans","native_name":"","dir":"","is_pack":"1"},"et":{"english_name":"Estonian","native_name":"eesti","dir":"","is_pack":"1"},"hy":{"english_name":"Armenian","native_name":"\u0540\u0561\u0575\u0565\u0580\u0567\u0576","dir":"","is_pack":"1"},"az":{"english_name":"Azerbaijani","native_name":"\u0410\u0437\u04d9\u0440\u0431\u0430\u0458\u04b9\u0430\u043d","dir":"left","is_pack":"1"},"ta":{"english_name":"Tamil","native_name":"\u0ba4\u0bae\u0bbf\u0bb4\u0bcd","dir":"","is_pack":"1"},"sq":{"english_name":"Albanian","native_name":"shqipe","dir":"left","is_pack":"1"},"mt":{"english_name":"Maltese","native_name":"Malti","dir":"","is_pack":"1"},"hr":{"english_name":"Croatian","native_name":"hrvatski","dir":"","is_pack":"1"},"ga":{"english_name":"Irish","native_name":"Gaeilge","dir":"","is_pack":"1"},"de":{"english_name":"German","native_name":"Deutsch","dir":"left","is_pack":"1"},"ar":{"english_name":"Arabic","native_name":"\u0627\u0644\u0639\u0631\u0628\u064a\u0629","dir":"right","is_pack":"1"},"uk":{"english_name":"Ukrainian","native_name":"\u0443\u043a\u0440\u0430\u0457\u043d\u0441\u044c\u043a\u0430","dir":"","is_pack":"1"},"is":{"english_name":"Icelandic","native_name":"\u00edslenska","dir":"","is_pack":"1"},"la":{"english_name":"Latin","native_name":"","dir":"","is_pack":"1"},"mk":{"english_name":"Macedonian","native_name":"\u043c\u0430\u043a\u0435\u0434\u043e\u043d\u0441\u043a\u0438","dir":"","is_pack":"1"},"no":{"english_name":"Norwegian","native_name":"norsk","dir":"left","is_pack":"1"},"ms":{"english_name":"Malay","native_name":"Bahasa Melayu","dir":"left","is_pack":"1"},"th":{"english_name":"Thai","native_name":"\u0e44\u0e17\u0e22","dir":"left","is_pack":"1"},"ca":{"english_name":"Catalan","native_name":"catal\u00e0","dir":"","is_pack":"1"},"id":{"english_name":"Indonesian","native_name":"Bahasa Indonesia","dir":"","is_pack":"1"},"sl":{"english_name":"Slovenian","native_name":"sloven\u0161\u010dina","dir":"","is_pack":"1"},"tr":{"english_name":"Turkish","native_name":"T\u00fcrk\u00e7e","dir":"left","is_pack":"1"},"kn":{"english_name":"Kannada","native_name":"\u0c95\u0ca8\u0ccd\u0ca8\u0ca1","dir":"","is_pack":"1"},"en":{"english_name":"English","native_name":"","dir":"left","is_pack":"1"},"hu":{"english_name":"Hungarian","native_name":"magyar","dir":"","is_pack":"1"},"zh":{"english_name":"Chinese","native_name":"\u4e2d\u6587","dir":"left","is_pack":"1"},"ht":{"english_name":"Haitian","native_name":"","dir":"","is_pack":"1"},"ur":{"english_name":"Urdu","native_name":"\u0627\u0631\u062f\u0648","dir":"right","is_pack":"1"},"zh-tw":{"english_name":"Chinese Traditional \t","native_name":"\u4e2d\u570b\u50b3\u7d71","dir":"left","is_pack":"1"},"sk":{"english_name":"Slovak","native_name":"sloven\u010dina","dir":"","is_pack":"1"},"fa":{"english_name":"Persian","native_name":"\u0641\u0627\u0631\u0633\u06cc","dir":"right","is_pack":"1"},"fr":{"english_name":"French","native_name":"fran\u00e7ais","dir":"left","is_pack":"1"},"lt":{"english_name":"Lithuanian","native_name":"lietuvi\u0173","dir":"","is_pack":"1"},"bg":{"english_name":"Bulgarian","native_name":"\u0431\u044a\u043b\u0433\u0430\u0440\u0441\u043a\u0438","dir":"","is_pack":"1"},"ro":{"english_name":"Romanian","native_name":"rom\u00e2n\u0103","dir":"left","is_pack":"1"},"nl":{"english_name":"Dutch","native_name":"Nederlands","dir":"left","is_pack":"1"},"bn":{"english_name":"Bengali","native_name":"\u09ac\u09be\u0982\u09b2\u09be","dir":"","is_pack":"1"},"gu":{"english_name":"Gujarati","native_name":"\u0a97\u0ac1\u0a9c\u0ab0\u0abe\u0aa4\u0ac0","dir":"","is_pack":"1"},"pl":{"english_name":"Polish","native_name":"polski","dir":"left","is_pack":"1"},"lv":{"english_name":"Latvian","native_name":"latvie\u0161u","dir":"","is_pack":"1"},"it":{"english_name":"Italian","native_name":"italiano","dir":"left","is_pack":"1"}},"ur":"","languageSelected":"ur","quranList":{"ar.muyassar":{"language_code":"ar","english_name":"King Fahad Quran Complex","native_name":"\u062a\u0641\u0633\u064a\u0631 \u0627\u0644\u0645\u06cc\u0633\u0631","format":"text","type":"tafsir","source":"Tanzil.info","default":null,"last_update":"1969-12-31"},"quran-corpus":{"language_code":"ar","english_name":"Corpus","native_name":"","format":"text","type":"quran","source":"Tanzil.info","default":null,"last_update":"2010-06-04"},"quran-corpus-clean":{"language_code":"ar","english_name":"simple clean","native_name":"","format":"text","type":"quran","source":"Tanzil.info","default":null,"last_update":"1969-12-31"},"quran-corpus-enhanced":{"language_code":"ar","english_name":"simple enhanced","native_name":"","format":"text","type":"quran","source":"Tanzil.info","default":null,"last_update":"1969-12-31"},"quran-corpus-min":{"language_code":"ar","english_name":"simple minimal","native_name":"","format":"text","type":"quran","source":"Tanzil.info","default":null,"last_update":"1969-12-31"},"quran-uthmani-min":{"language_code":"ar","english_name":"uthmani minimal","native_name":"","format":"text","type":"quran","source":"Tanzil.info","default":null,"last_update":"1969-12-31"},"quran-uthmani":{"language_code":"ar","english_name":"uthmani","native_name":"","format":"text","type":"quran","source":"Tanzil.info","default":null,"last_update":"1969-12-31"},"bs.korkut":{"language_code":"ar","english_name":"Korkut","native_name":"Besim Korkut","format":"text","type":"translation","source":"Tanzil.net","default":null,"last_update":"1969-12-31"},"ar.jalalayn":{"language_code":"ar","english_name":"Jalal ad-Din al-Mahalli and Jalal ad-Din as-Suyuti","native_name":"\u062a\u0641\u0633\u064a\u0631 \u0627\u0644\u062c\u0644\u0627\u0644\u064a\u0646","format":"text","type":"tafsir","source":"Tanzil.net","default":null,"last_update":"1969-12-31"},"quran-tajweed":{"language_code":"ar","english_name":"Tajweed","native_name":"\u0627\u0644\u062a\u062c\u0648\u064a\u062f","format":"text","type":"quran","source":"Hafidh.com","default":null,"last_update":"1969-12-31"},"quran-wordbyword":{"language_code":"ar","english_name":"Word By Word","native_name":"\u0643\u0644\u0645\u0629 \u0628\u0643\u0644\u0645\u0629","format":"text","type":"quran","source":"Hafidh.com","default":null,"last_update":"1969-12-31"},"ar.abdulbasitmurattal":{"language_code":"ar","english_name":"Abdul Basit","native_name":"","format":"audio","type":"translation","source":"","default":null,"media":"{\"mp3-64\":{\"type\":\"mp3\",\"kbs\":\"64\",\"auz\":true},\"ogg-64\":{\"type\":\"ogg\",\"kbs\":\"64\",\"auz\":true},\"mp3-192\":{\"type\":\"mp3\",\"kbs\":\"192\",\"auz\":true}}","last_update":"1970-01-01"},"ar.abdulbasitmujawwad":{"language_code":"ar","english_name":"Abdul Basit (Mujawwad)","native_name":"","format":"audio","type":"translation","source":"","default":null,"media":"{\"ogg-64\":{\"type\":\"ogg\",\"kbs\":\"64\",\"auz\":true},\"mp3-128\":{\"type\":\"mp3\",\"kbs\":\"128\",\"auz\":true}}","last_update":"1969-12-31"},"ar.abdullahbasfar":{"language_code":"ar","english_name":"Abdullah Basfar","native_name":"","format":"audio","type":"versebyverse","source":"","default":null,"media":"{\"mp3-32\":{\"type\":\"mp3\",\"kbs\":\"32\",\"auz\":false},\"mp3-64\":{\"type\":\"mp3\",\"kbs\":\"64\",\"auz\":false},\"mp3-192\":{\"type\":\"mp3\",\"kbs\":\"192\",\"auz\":true}}","last_update":"1969-12-31"},"ar.abdurrahmaansudais":{"language_code":"ar","english_name":"Abdurrahmaan As-Sudais","native_name":"","format":"audio","type":"versebyverse","source":"","default":null,"media":"{\"mp3-64\":{\"type\":\"mp3\",\"kbs\":\"64\",\"auz\":true},\"ogg-64\":{\"type\":\"ogg\",\"kbs\":\"64\",\"auz\":true},\"mp3-192\":{\"type\":\"mp3\",\"kbs\":\"192\",\"auz\":true}}","last_update":"1969-12-31"},"ar.abdulsamad":{"language_code":"ar","english_name":"Abdul Samad","native_name":"","format":"audio","type":"versebyverse","source":"","default":null,"media":"{\"mp3-64\":{\"type\":\"mp3\",\"kbs\":\"64\",\"auz\":true}}","last_update":"1969-12-31"},"ar.shaatree":{"language_code":"ar","english_name":"Abu Bakr Ash-Shaatree","native_name":"","format":"audio","type":"versebyverse","source":"","default":null,"media":"{\"mp3-64\":{\"type\":\"mp3\",\"kbs\":\"64\",\"auz\":true},\"ogg-64\":{\"type\":\"ogg\",\"kbs\":\"64\",\"auz\":false},\"mp3-128\":{\"type\":\"mp3\",\"kbs\":\"128\",\"auz\":true}}","last_update":"1969-12-31"},"ar.ahmedajamy":{"language_code":"ar","english_name":"Ahmed ibn Ali al-Ajamy","native_name":"","format":"audio","type":"versebyverse","source":"","default":null,"media":"{\"mp3-64\":{\"type\":\"mp3\",\"kbs\":\"64\",\"auz\":true},\"mp3-128\":{\"type\":\"mp3\",\"kbs\":\"128\",\"auz\":false}}","last_update":"1969-12-31"},"ar.alafasy":{"language_code":"ar","english_name":"Alafasy","native_name":"","format":"audio","type":"versebyverse","source":"","default":null,"media":"{\"mp3-64\":{\"type\":\"mp3\",\"kbs\":\"64\",\"auz\":true},\"ogg-64\":{\"type\":\"ogg\",\"kbs\":\"64\",\"auz\":false},\"mp3-128\":{\"type\":\"mp3\",\"kbs\":\"128\",\"auz\":true}}","last_update":"1969-12-31"},"ar.ghamadi":{"language_code":"ar","english_name":"Ghamadi","native_name":"","format":"audio","type":"versebyverse","source":"","default":null,"media":"{\"mp3-40\":{\"type\":\"mp3\",\"kbs\":\"40\",\"auz\":true}}","last_update":"1969-12-31"},"ar.hanirifai":{"language_code":"ar","english_name":"Hani Rifai","native_name":"","format":"audio","type":"versebyverse","source":"","default":null,"media":"{\"mp3-64\":{\"type\":\"mp3\",\"kbs\":\"64\",\"auz\":true},\"ogg-64\":{\"type\":\"ogg\",\"kbs\":\"64\",\"auz\":false},\"mp3-192\":{\"type\":\"mp3\",\"kbs\":\"192\",\"auz\":false}}","last_update":"1969-12-31"},"ar.husary":{"language_code":"ar","english_name":"Husary","native_name":"","format":"audio","type":"versebyverse","source":"","default":null,"media":"{\"mp3-64\":{\"type\":\"mp3\",\"kbs\":\"64\",\"auz\":true},\"ogg-64\":{\"type\":\"ogg\",\"kbs\":\"64\",\"auz\":true},\"mp3-128\":{\"type\":\"mp3\",\"kbs\":\"128\",\"auz\":true}}","last_update":"1969-12-31"},"ar.husarymujawwad":{"language_code":"ar","english_name":"Husary (Mujawwad)","native_name":"","format":"audio","type":"versebyverse","source":"","default":null,"media":"{\"mp3-64\":{\"type\":\"mp3\",\"kbs\":\"64\",\"auz\":true},\"ogg-64\":{\"type\":\"ogg\",\"kbs\":\"64\",\"auz\":true},\"mp3-128\":{\"type\":\"mp3\",\"kbs\":\"128\",\"auz\":true}}","last_update":"1969-12-31"},"ar.hudhaify":{"language_code":"ar","english_name":"Hudhaify","native_name":"","format":"audio","type":"versebyverse","source":"","default":null,"media":"{\"mp3-32\":{\"type\":\"mp3\",\"kbs\":\"32\",\"auz\":true},\"mp3-128\":{\"type\":\"mp3\",\"kbs\":\"128\",\"auz\":true}}","last_update":"1969-12-31"},"ar.ibrahimakhbar":{"language_code":"ar","english_name":"Ibrahim Akhdar","native_name":"","format":"audio","type":"versebyverse","source":"","default":null,"media":"{\"mp3-32\":{\"type\":\"mp3\",\"kbs\":\"32\",\"auz\":false}}","last_update":"1969-12-31"},"ar.mahermuaiqly":{"language_code":"ar","english_name":"Maher Al Muaiqly","native_name":"","format":"audio","type":"versebyverse","source":"","default":null,"media":"{\"mp3-128\":{\"type\":\"mp3\",\"kbs\":\"128\",\"auz\":false}}","last_update":"1969-12-31"},"ar.minshawi":{"language_code":"ar","english_name":"Minshawi","native_name":"","format":"audio","type":"translation","source":"","default":null,"media":"{\"ogg-64\":{\"type\":\"ogg\",\"kbs\":\"64\",\"auz\":true},\"mp3-128\":{\"type\":\"mp3\",\"kbs\":\"128\",\"auz\":true}}","last_update":"1969-12-31"},"ar.minshawimujawwad":{"language_code":"ar","english_name":"Minshawy (Mujawwad)","native_name":"","format":"audio","type":"translation","source":"","default":null,"media":"{\"ogg-64\":{\"type\":\"ogg\",\"kbs\":\"64\",\"auz\":true}}","last_update":"1969-12-31"},"ar.muhammadayyoub":{"language_code":"ar","english_name":"Muhammad Ayyoub","native_name":"","format":"audio","type":"versebyverse","source":"","default":null,"media":"{\"mp3-128\":{\"type\":\"mp3\",\"kbs\":\"128\",\"auz\":true}}","last_update":"1969-12-31"},"ar.muhammadjibreel":{"language_code":"ar","english_name":"Muhammad Jibreel","native_name":"","format":"audio","type":"versebyverse","source":"","default":null,"media":"{\"mp3-128\":{\"type\":\"mp3\",\"kbs\":\"128\",\"auz\":true}}","last_update":"1969-12-31"},"ar.saoodshuraym":{"language_code":"ar","english_name":"Saood bin Ibraaheem Ash-Shuraym","native_name":"","format":"audio","type":"versebyverse","source":"","default":null,"media":"{\"ogg-64\":{\"type\":\"ogg\",\"kbs\":\"64\",\"auz\":false}}","last_update":"1969-12-31"},"ar.parhizgar":{"language_code":"ar","english_name":"Parhizgar","native_name":"","format":"audio","type":"versebyverse","source":"","default":null,"media":"{\"mp3-48\":{\"type\":\"mp3\",\"kbs\":\"48\",\"auz\":false}}","last_update":"1969-12-31"},"quran-kids":{"language_code":"ar","english_name":"Kids","native_name":"\u0627\u0644\u0627\u0637\u0641\u0627\u0644","format":"text","type":"quran","source":"---","default":null,"last_update":"2011-10-18"},"az.mammadaliyev":{"language_code":"az","english_name":"Vasim Mammadaliyev and Ziya Bunyadov","native_name":"M\u0259mm\u0259d\u0259liyev & B\u00fcnyadov","format":"text","type":"translation","source":"Tanzil.info","default":null,"last_update":"1969-12-31"},"az.musayev":{"language_code":"az","english_name":"Alikhan Musayev","native_name":"","format":"text","type":"translation","source":"Tanzil.info","default":null,"last_update":"1969-12-31"},"bg.theophanov":{"language_code":"bg","english_name":"Tzvetan Theophanov","native_name":"\u0422\u0435\u043e\u0444\u0430\u043d\u043e\u0432","format":"text","type":"translation","source":"Tanzil.net","default":null,"last_update":"1969-12-31"},"bn.bengali":{"language_code":"bn","english_name":"Maulana Muhiuddin Khan","native_name":"\u09ae\u09c1\u09b9\u09bf\u0989\u09a6\u09cd\u09a6\u09c0\u09a8 \u0996\u09be\u09a8","format":"text","type":"translation","source":"Tanzil.info","default":null,"last_update":"1969-12-31"},"bs.mlivo":{"language_code":"bs","english_name":"Mustafa Mlivo","native_name":"Mlivo","format":"text","type":"translation","source":"Tanzil.net","default":null,"last_update":"1969-12-31"},"cs.hrbek":{"language_code":"cs","english_name":"Preklad I. Hrbek","native_name":"","format":"text","type":"translation","source":"Tanzil.info","default":null,"last_update":"1969-12-31"},"cs.nykl":{"language_code":"cs","english_name":"A. R. Nykl","native_name":"","format":"text","type":"translation","source":"Tanzil.info","default":null,"last_update":"1969-12-31"},"de.aburida":{"language_code":"de","english_name":"Abu Rida Muhammad ibn Ahmad ibn Rassoul","native_name":"","format":"text","type":"translation","source":"Tanzil.info","default":null,"last_update":"1969-12-31"},"de.bubenheim":{"language_code":"de","english_name":"Sheikh A. S. F. Bubenheim and Dr. N. Elyas","native_name":"","format":"text","type":"translation","source":"Tanzil.info","default":null,"last_update":"1969-12-31"},"de.khoury":{"language_code":"de","english_name":"Adel Theodor Khoury","native_name":"","format":"text","type":"translation","source":"Tanzil.info","default":null,"last_update":"1969-12-31"},"de.zaidan":{"language_code":"de","english_name":"Amir Zaidan","native_name":"","format":"text","type":"translation","source":"Tanzil.info","default":null,"last_update":"1969-12-31"},"dv.divehi":{"language_code":"dv","english_name":"Office of the President of Maldives","native_name":"\u078b\u07a8\u0788\u07ac\u0780\u07a8","format":"text","type":"translation","source":"Tanzil.info","default":null,"last_update":"1969-12-31"},"en.sahih":{"language_code":"en","english_name":"Sahih International","native_name":"","format":"text","type":"translation","source":"Tanzil.info","default":null,"last_update":"1969-12-31"},"en.ahmedraza":{"language_code":"en","english_name":"Ahmed Raza Khan","native_name":"","format":"text","type":"translation","source":"Tanzil.info","default":null,"last_update":"1969-12-31"},"en.arberry":{"language_code":"en","english_name":"A. J. Arberry","native_name":"","format":"text","type":"translation","source":"Tanzil.info","default":null,"last_update":"1969-12-31"},"en.asad":{"language_code":"en","english_name":"Muhammad Asad","native_name":"","format":"text","type":"translation","source":"Tanzil.info","default":null,"last_update":"1969-12-31"},"en.daryabadi":{"language_code":"en","english_name":"Abdul Majid Daryabadi","native_name":"","format":"text","type":"translation","source":"Tanzil.info","default":null,"last_update":"1969-12-31"},"en.hilali":{"language_code":"en","english_name":"Dr. Muhammad Taqi-ud-Din al-Hilali and Dr. Muhammad Muhsin Khan","native_name":"","format":"text","type":"translation","source":"Tanzil.info","default":null,"last_update":"1969-12-31"},"en.pickthall":{"language_code":"en","english_name":"Mohammed Marmaduke William Pickthall","native_name":"","format":"text","type":"translation","source":"Tanzil.info","default":null,"last_update":"1969-12-31"},"en.qaribullah":{"language_code":"en","english_name":"Professor Shaykh Hasan Al-Fatih Qaribullah","native_name":"","format":"text","type":"translation","source":"Tanzil.info","default":null,"last_update":"1969-12-31"},"en.sarwar":{"language_code":"en","english_name":"Muhammad Sarwar","native_name":"","format":"text","type":"translation","source":"Tanzil.info","default":null,"last_update":"1969-12-31"},"en.yusufali":{"language_code":"en","english_name":"Abdullah Yusuf Ali","native_name":"","format":"text","type":"translation","source":"Tanzil.info","default":null,"last_update":"1969-12-31"},"en.maududi":{"language_code":"en","english_name":"Sayyid Abul Ala Maududi","native_name":"","format":"text","type":"translation","source":"Tanzil.info","default":null,"last_update":"1969-12-31"},"en.shakir":{"language_code":"en","english_name":"Mohammad Habib Shakir","native_name":"","format":"text","type":"translation","source":"Tanzil.info","default":null,"last_update":"1969-12-31"},"en.transliteration":{"language_code":"en","english_name":"Transliteration","native_name":"","format":"text","type":"transliteration","source":"Tanzil.info","default":null,"last_update":"1969-12-31"},"en.walk":{"language_code":"en","english_name":"Ibrahim Walk","native_name":"","format":"audio","type":"versebyverse","source":"","default":null,"media":"{\"mp3-192\":{\"type\":\"mp3\",\"kbs\":\"192\",\"auz\":false}}","last_update":"1969-12-31"},"es.cortes":{"language_code":"es","english_name":"Julio Cortes","native_name":"","format":"text","type":"translation","source":"Tanzil.info","default":null,"last_update":"1969-12-31"},"es.asad":{"language_code":"es","english_name":"Muhammad Asad - Abdurrasak P\u00e9rez","native_name":"Asad","format":"text","type":"translation","source":"Tanzil.net","default":null,"last_update":"1969-12-31"},"fa.hedayatfarfooladvand":{"language_code":"fa","english_name":"Fooladvand - Hedayatfar","native_name":"","format":"audio","type":"translation","source":"","default":null,"media":"{\"mp3-40\":{\"type\":\"mp3\",\"kbs\":\"40\",\"auz\":false}}","last_update":"1969-12-31"},"fa.ayati":{"language_code":"fa","english_name":"AbdolMohammad Ayati","native_name":"\u0622\u06cc\u062a\u06cc","format":"text","type":"translation","source":"Tanzil.info","default":null,"last_update":"1969-12-31"},"fa.fooladvand":{"language_code":"fa","english_name":"Mohammad Mahdi Fooladvand","native_name":"\u0641\u0648\u0644\u0627\u062f\u0648\u0646\u062f","format":"text","type":"translation","source":"Tanzil.info","default":null,"last_update":"1969-12-31"},"fa.ghomshei":{"language_code":"fa","english_name":"Mahdi Elahi Ghomshei","native_name":"\u0627\u0644\u0647\u06cc \u0642\u0645\u0634\u0647\u200c\u0627\u06cc","format":"text","type":"translation","source":"Tanzil.info","default":null,"last_update":"1969-12-31"},"fa.makarem":{"language_code":"fa","english_name":"Ayatollah Naser Makarem Shirazi","native_name":"\u0645\u06a9\u0627\u0631\u0645 \u0634\u06cc\u0631\u0627\u0632\u06cc","format":"text","type":"translation","source":"Tanzil.info","default":null,"last_update":"1969-12-31"},"fa.ansarian":{"language_code":"fa","english_name":"Ayatollah Hussain Ansarian","native_name":"\u0627\u0646\u0635\u0627\u0631\u06cc\u0627\u0646","format":"text","type":"translation","source":"Tanzil.info","default":null,"last_update":"1969-12-31"},"fa.bahrampour":{"language_code":"fa","english_name":"Abolfazl Bahrampour","native_name":"\u0628\u0647\u0631\u0627\u0645 \u067e\u0648\u0631","format":"text","type":"translation","source":"Tanzil.net","default":null,"last_update":"1969-12-31"},"fa.khorramshahi":{"language_code":"fa","english_name":"Baha'oddin Khorramshahi","native_name":"\u062e\u0631\u0645\u0634\u0627\u0647\u06cc","format":"text","type":"translation","source":"Tanzil.net","default":null,"last_update":"1969-12-31"},"fa.mojtabavi":{"language_code":"fa","english_name":"Sayyed Jalaloddin Mojtabavi","native_name":"\u0645\u062c\u062a\u0628\u0648\u06cc","format":"text","type":"translation","source":"Tanzil.net","default":null,"last_update":"1969-12-31"},"fa.khorramdel":{"language_code":"fa","english_name":"Mostafa Khorramdel","native_name":"\u062e\u0631\u0645\u062f\u0644","format":"text","type":"translation","source":"Tanzil.net","default":null,"last_update":"1969-12-31"},"fa.moezzi":{"language_code":"fa","english_name":"Mohammad Kazem Moezzi","native_name":"\u0645\u0639\u0632\u06cc","format":"text","type":"translation","source":"Tanzil.net","default":null,"last_update":"1969-12-31"},"fr.hamidullah":{"language_code":"fr","english_name":"Dr. Muhammad Hamidullah","native_name":"","format":"text","type":"translation","source":"Tanzil.info","default":null,"last_update":"1969-12-31"},"fr.leclerc":{"language_code":"fr","english_name":"Youssouf Leclerc","native_name":"Youssouf Leclerc","format":"audio","type":"versebyverse","source":"","default":null,"media":"{\"mp3-128\":{\"type\":\"mp3\",\"kbs\":\"128\",\"auz\":false}}","last_update":"1969-12-31"},"ha.gumi":{"language_code":"ha","english_name":"Sheikh Abubakar Mahmoud Gumi","native_name":"","format":"text","type":"translation","source":"Tanzil.info","default":null,"last_update":"1969-12-31"},"hi.hindi":{"language_code":"hi","english_name":"","native_name":"\u0939\u093f\u0928\u094d\u0926\u0940","format":"text","type":"translation","source":"Tanzil.info","default":null,"last_update":"1969-12-31"},"hi.farooq":{"language_code":"hi","english_name":"Muhammad Farooq Khan and Muhammad Ahmed","native_name":"\u095e\u093e\u0930\u0942\u0958 \u0959\u093e\u0928 & \u0905\u0939\u092e\u0926","format":"text","type":"translation","source":"Tanzil.net","default":null,"last_update":"1969-12-31"},"id.indonesian":{"language_code":"id","english_name":"","native_name":"Bahasa Indonesia","format":"text","type":"translation","source":"Tanzil.info","default":null,"last_update":"1969-12-31"},"id.muntakhab":{"language_code":"id","english_name":"Muhammad Quraish Shihab et al.","native_name":"Quraish Shihab","format":"text","type":"translation","source":"Tanzil.net","default":null,"last_update":"1969-12-31"},"it.piccardo":{"language_code":"it","english_name":"Hamza Roberto Piccardo","native_name":"","format":"text","type":"translation","source":"Tanzil.info","default":null,"last_update":"1969-12-31"},"ja.japanese":{"language_code":"ja","english_name":"","native_name":"\u65e5\u672c\u8a9e","format":"text","type":"translation","source":"Tanzil.info","default":null,"last_update":"1969-12-31"},"ko.korean":{"language_code":"ko","english_name":"","native_name":"\ud55c\uad6d\uc5b4","format":"text","type":"translation","source":"Tanzil.info","default":null,"last_update":"1969-12-31"},"ku.asan":{"language_code":"ku","english_name":"Burhan Muhammad-Amin","native_name":"\u062a\u0647\u200c\u0641\u0633\u06cc\u0631\u06cc \u0626\u0627\u0633\u0627\u0646","format":"text","type":"translation","source":"Tanzil.info","default":null,"last_update":"1969-12-31"},"ml.abdulhameed":{"language_code":"ml","english_name":"Cheriyamundam Abdul Hameed and Kunhumohammed Parappur","native_name":"\u0d05\u0d2c\u0d4d\u0d26\u0d41\u0d32\u0d4d\u200d \u0d39\u0d2e\u0d40\u0d26\u0d4d & \u0d2a\u0d31\u0d2a\u0d4d\u0d2a\u0d42\u0d30\u0d4d\u200d","format":"text","type":"translation","source":"Tanzil.info","default":null,"last_update":"1969-12-31"},"ms.basmeih":{"language_code":"ms","english_name":"Abdullah Muhammad Basmeih","native_name":"Basmeih","format":"text","type":"translation","source":"Tanzil.net","default":null,"last_update":"1969-12-31"},"nl.keyzer":{"language_code":"nl","english_name":"Dr. Salomo Keyzer","native_name":"","format":"text","type":"translation","source":"Tanzil.info","default":null,"last_update":"1969-12-31"},"no.berg":{"language_code":"no","english_name":"Einar Berg","native_name":"","format":"text","type":"translation","source":"Tanzil.info","default":null,"last_update":"2010-06-04"},"pl.bielawskiego":{"language_code":"pl","english_name":"J\u00f3zefa Bielawskiego","native_name":"","format":"text","type":"translation","source":"Tanzil.info","default":null,"last_update":"2010-08-16"},"pt.elhayek":{"language_code":"pt","english_name":"Professor Samir El-Hayek","native_name":"","format":"text","type":"translation","source":"Tanzil.info","default":null,"last_update":"2010-06-04"},"ro.grigore":{"language_code":"ro","english_name":"George Grigore","native_name":"","format":"text","type":"translation","source":"Tanzil.info","default":null,"last_update":"2010-08-16"},"ru.kuliev":{"language_code":"ru","english_name":"Elmir Kuliev","native_name":"\u041a\u0443\u043b\u0438\u0435\u0432","format":"text","type":"translation","source":"Tanzil.info","default":null,"last_update":"2010-08-16"},"ru.osmanov":{"language_code":"ru","english_name":"M.-N.O. Osmanov","native_name":"\u041e\u0441\u043c\u0430\u043d\u043e\u0432","format":"text","type":"translation","source":"Tanzil.info","default":null,"last_update":"2010-08-16"},"ru.porokhova":{"language_code":"ru","english_name":"V. Porokhova","native_name":"\u041f\u043e\u0440\u043e\u0445\u043e\u0432\u0430","format":"text","type":"translation","source":"Tanzil.info","default":null,"last_update":"2010-08-16"},"ru.abuadel":{"language_code":"ru","english_name":"Abu Adel","native_name":"\u0410\u0431\u0443 \u0410\u0434\u0435\u043b\u044c","format":"text","type":"translation","source":"Tanzil.net","default":null,"last_update":"2010-09-15"},"ru.krachkovsky":{"language_code":"ru","english_name":"Ignaty Yulianovich Krachkovsky","native_name":"\u041a\u0440\u0430\u0447\u043a\u043e\u0432\u0441\u043a\u0438\u0439","format":"text","type":"translation","source":"Tanzil.net","default":null,"last_update":"2010-09-20"},"ru.muntahab":{"language_code":"ru","english_name":"Ministry of Awqaf, Egypt","native_name":"\u0410\u043b\u044c-\u041c\u0443\u043d\u0442\u0430\u0445\u0430\u0431","format":"text","type":"translation","source":"Tanzil.net","default":null,"last_update":"2011-05-29"},"ru.sablukov":{"language_code":"ru","english_name":"Gordy Semyonovich Sablukov","native_name":"\u0421\u0430\u0431\u043b\u0443\u043a\u043e\u0432","format":"text","type":"translation","source":"Tanzil.net","default":null,"last_update":"2010-10-04"},"sd.amroti":{"language_code":"sd","english_name":"Taj Mehmood Amroti","native_name":"\u0627\u0645\u0631\u0648\u067d\u064a","format":"text","type":"translation","source":"Tanzil.info","default":null,"last_update":"2010-06-04"},"so.abduh":{"language_code":"so","english_name":"Mahmud Muhammad Abduh","native_name":"","format":"text","type":"translation","source":"Tanzil.info","default":null,"last_update":"2010-08-16"},"sq.ahmeti":{"language_code":"sq","english_name":"Sherif Ahmeti","native_name":"","format":"text","type":"translation","source":"Tanzil.info","default":null,"last_update":"2010-08-16"},"sq.mehdiu":{"language_code":"sq","english_name":"Feti Mehdiu","native_name":"","format":"text","type":"translation","source":"Tanzil.info","default":null,"last_update":"2010-08-16"},"sq.nahi":{"language_code":"sq","english_name":"Hasan Efendi Nahi","native_name":"","format":"text","type":"translation","source":"Tanzil.info","default":null,"last_update":"2010-08-16"},"sv.bernstrom":{"language_code":"sv","english_name":"Knut Bernstr\u00f6m","native_name":"","format":"text","type":"translation","source":"Tanzil.info","default":null,"last_update":"2010-06-04"},"sw.barwani":{"language_code":"sw","english_name":"Ali Muhsin Al-Barwani","native_name":"","format":"text","type":"translation","source":"Tanzil.info","default":null,"last_update":"2010-08-16"},"ta.tamil":{"language_code":"ta","english_name":"","native_name":"\u0ba4\u0bae\u0bbf\u0bb4\u0bcd","format":"text","type":"translation","source":"Tanzil.info","default":null,"last_update":"2010-08-16"},"tg.ayati":{"language_code":"tg","english_name":"Abdolmohammad Ayati","native_name":"\u041e\u044f\u0442\u04e3","format":"text","type":"translation","source":"Tanzil.info","default":null,"last_update":"2010-08-04"},"th.thai":{"language_code":"th","english_name":"King Fahad Quran Complex","native_name":"\u0e20\u0e32\u0e29\u0e32\u0e44\u0e17\u0e22","format":"text","type":"translation","source":"Tanzil.info","default":null,"last_update":"2010-06-04"},"tr.ates":{"language_code":"tr","english_name":"Suleyman Ates","native_name":"S\u00fcleyman Ate\u015f","format":"text","type":"translation","source":"Tanzil.info","default":null,"last_update":"2010-06-04"},"tr.bulac":{"language_code":"tr","english_name":"Al\u0130 Bula\u00e7","native_name":"","format":"text","type":"translation","source":"Tanzil.info","default":null,"last_update":"2010-08-16"},"tr.diyanet":{"language_code":"tr","english_name":"Diyanet Isleri","native_name":"Diyanet \u0130\u015fleri","format":"text","type":"translation","source":"Tanzil.info","default":null,"last_update":"2010-06-04"},"tr.golpinarli":{"language_code":"tr","english_name":"Abdulbaki Golpinarli","native_name":"Abdulbak\u00ee G\u00f6lp\u0131narl\u0131","format":"text","type":"translation","source":"Tanzil.info","default":null,"last_update":"2010-06-04"},"tr.ozturk":{"language_code":"tr","english_name":"Yasar Nuri Ozturk","native_name":"\u00d6zt\u00fcrk","format":"text","type":"translation","source":"Tanzil.info","default":null,"last_update":"2010-06-04"},"tr.transliteration":{"language_code":"tr","english_name":"Transliteration","native_name":"","format":"text","type":"transliteration","source":"Tanzil.info","default":null,"last_update":"2010-08-16"},"tr.vakfi":{"language_code":"tr","english_name":"Diyanet Vakfi","native_name":"","format":"text","type":"translation","source":"Tanzil.info","default":null,"last_update":"2010-06-04"},"tr.yazir":{"language_code":"tr","english_name":"Elmalili Hamdi Yazir","native_name":"","format":"text","type":"translation","source":"Tanzil.info","default":null,"last_update":"2010-06-04"},"tr.yildirim":{"language_code":"tr","english_name":"Suat Yildirim","native_name":"","format":"text","type":"translation","source":"Tanzil.info","default":null,"last_update":"2010-06-04"},"tr.yuksel":{"language_code":"tr","english_name":"Edip Y\u00fcksel","native_name":"","format":"text","type":"translation","source":"Tanzil.info","default":null,"last_update":"2010-06-04"},"tt.nugman":{"language_code":"tt","english_name":"Yakub Ibn Nugman","native_name":"","format":"text","type":"translation","source":"Tanzil.info","default":null,"last_update":"2010-08-16"},"ug.saleh":{"language_code":"ug","english_name":"Muhammad Saleh","native_name":"\u0645\u062d\u0645\u062f \u0635\u0627\u0644\u062d","format":"text","type":"translation","source":"Tanzil.info","default":null,"last_update":"2010-06-04"},"ur.jalandhry":{"language_code":"ur","english_name":"Maulana Fateh Muhammad Jalandhry","native_name":"\u062c\u0627\u0644\u0646\u062f\u06c1\u0631\u06cc","format":"text","type":"translation","source":"Tanzil.info","default":null,"last_update":"2010-08-04"},"ur.ahmedali":{"language_code":"ur","english_name":"Professor Ahmed Ali","native_name":"\u0627\u062d\u0645\u062f \u0639\u0644\u06cc","format":"text","type":"translation","source":"Tanzil.info","default":null,"last_update":"2010-08-16"},"ur.jawadi":{"language_code":"ur","english_name":"Allama Syed Zeeshan Haider Jawadi","native_name":"\u0639\u0644\u0627\u0645\u06c1 \u062c\u0648\u0627\u062f\u06cc","format":"text","type":"translation","source":"Tanzil.info","default":null,"last_update":"2010-08-19"},"ur.junagarhi":{"language_code":"ur","english_name":"Muhammad Junagarhi","native_name":"\u0645\u062d\u0645\u062f \u062c\u0648\u0646\u0627\u06af\u0691\u06be\u06cc","format":"text","type":"translation","source":"Tanzil.net","default":null,"last_update":"2011-04-25"},"ur.khan":{"language_code":"ur","english_name":"Shamshad Ali Khan","native_name":"","format":"audio","type":"versebyverse","source":"","default":null,"media":"{\"mp3-64\":{\"type\":\"mp3\",\"kbs\":\"64\",\"auz\":false}}","last_update":"1969-12-31"},"uz.sodik":{"language_code":"uz","english_name":"Muhammad Sodik Muhammad Yusuf","native_name":"\u041c\u0443\u0445\u0430\u043c\u043c\u0430\u0434 \u0421\u043e\u0434\u0438\u043a","format":"text","type":"translation","source":"Tanzil.info","default":null,"last_update":"2010-06-04"},"zh.jian":{"language_code":"zh","english_name":"Ma Jian","native_name":"Ma Jian","format":"text","type":"translation","source":"Tanzil.net","default":null,"last_update":"2011-03-13"},"zh.majian":{"language_code":"zh","english_name":"Ma Jian","native_name":"Ma Jian (Traditional)","format":"text","type":"translation","source":"Tanzil.net","default":null,"last_update":"1969-12-31"},"zh.chinese":{"language_code":"zh","english_name":"Chinese","native_name":"\u4e2d\u6587","format":"audio","type":"versebyverse","source":"","default":null,"media":"{\"mp3-128\":{\"type\":\"mp3\",\"kbs\":\"128\",\"auz\":false}}","last_update":"1969-12-31"}},"quran":{"quran-corpus":{"1":{"surah":1,"ayah":1,"verse":"\ufeff\u0628\u0650\u0633\u0652\u0645\u0650 \u0627\u0644\u0644\u0651\u064e\u0647\u0650 \u0627\u0644\u0631\u0651\u064e\u062d\u0652\u0645\u064e\u0670\u0646\u0650 \u0627\u0644\u0631\u0651\u064e\u062d\u0650\u064a\u0645\u0650"},"2":{"surah":1,"ayah":2,"verse":"\u0627\u0644\u0652\u062d\u064e\u0645\u0652\u062f\u064f \u0644\u0650\u0644\u0651\u064e\u0647\u0650 \u0631\u064e\u0628\u0651\u0650 \u0627\u0644\u0652\u0639\u064e\u0627\u0644\u064e\u0645\u0650\u064a\u0646\u064e"},"3":{"surah":1,"ayah":3,"verse":"\u0627\u0644\u0631\u0651\u064e\u062d\u0652\u0645\u064e\u0670\u0646\u0650 \u0627\u0644\u0631\u0651\u064e\u062d\u0650\u064a\u0645\u0650"},"4":{"surah":1,"ayah":4,"verse":"\u0645\u064e\u0627\u0644\u0650\u0643\u0650 \u064a\u064e\u0648\u0652\u0645\u0650 \u0627\u0644\u062f\u0651\u0650\u064a\u0646\u0650"},"5":{"surah":1,"ayah":5,"verse":"\u0625\u0650\u064a\u0651\u064e\u0627\u0643\u064e \u0646\u064e\u0639\u0652\u0628\u064f\u062f\u064f \u0648\u064e\u0625\u0650\u064a\u0651\u064e\u0627\u0643\u064e \u0646\u064e\u0633\u0652\u062a\u064e\u0639\u0650\u064a\u0646\u064f"},"6":{"surah":1,"ayah":6,"verse":"\u0627\u0647\u0652\u062f\u0650\u0646\u064e\u0627 \u0627\u0644\u0635\u0651\u0650\u0631\u064e\u0627\u0637\u064e \u0627\u0644\u0652\u0645\u064f\u0633\u0652\u062a\u064e\u0642\u0650\u064a\u0645\u064e"},"7":{"surah":1,"ayah":7,"verse":"\u0635\u0650\u0631\u064e\u0627\u0637\u064e \u0627\u0644\u0651\u064e\u0630\u0650\u064a\u0646\u064e \u0623\u064e\u0646\u0652\u0639\u064e\u0645\u0652\u062a\u064e \u0639\u064e\u0644\u064e\u064a\u0652\u0647\u0650\u0645\u0652 \u063a\u064e\u064a\u0652\u0631\u0650 \u0627\u0644\u0652\u0645\u064e\u063a\u0652\u0636\u064f\u0648\u0628\u0650 \u0639\u064e\u0644\u064e\u064a\u0652\u0647\u0650\u0645\u0652 \u0648\u064e\u0644\u064e\u0627 \u0627\u0644\u0636\u0651\u064e\u0627\u0644\u0651\u0650\u064a\u0646\u064e"}}}}